model,prompt_variant,article,question,quadrant,quadrant_label,answerable,mean_logprob,answer,abstained,human_score
Qwen/Qwen3-4B,free,macron_africa_forward_lemonde_12mai2026.txt,Quel est le montant de l'accord signé par CMA CGM au sommet Africa Forward ?,A,précis + adapté,True,-0.0092,Le montant de l'accord signé par CMA CGM au sommet Africa Forward est de 700 millions d'euros.,False,
Qwen/Qwen3-4B,free,macron_africa_forward_lemonde_12mai2026.txt,Quel est le montant total des investissements français en Afrique annoncés au sommet ?,A,précis + adapté,True,-0.0219,Le montant total des investissements français en Afrique annoncés au sommet Africa Forward est de 14 milliards d'euros.,False,
Qwen/Qwen3-4B,free,macron_africa_forward_lemonde_12mai2026.txt,Quel est le montant total des investissements africains annoncés au sommet ?,A,précis + adapté,True,-0.0018,"Selon l'article, le montant total des investissements africains annoncés au sommet Africa Forward est de 9 milliards d'euros.",False,
Qwen/Qwen3-4B,free,macron_africa_forward_lemonde_12mai2026.txt,Combien de chefs d'entreprise ont participé au sommet Africa Forward ?,A,précis + adapté,True,-0.0609,"Selon l'article, 1 500 chefs d'entreprises venus de France et de tout le continent africain ont participé au sommet Africa Forward. Cependant, il n'est pas précisé combien de chefs d'entreprise ont participé exactement, seulement le nombre total de participants, qui inclut des chefs d'entreprise, des intellectuels et des stars du rendez-vous. Ainsi, on ne peut pas déterminer précisément le nombre de chefs d'entreprise.",False,
Qwen/Qwen3-4B,free,macron_africa_forward_lemonde_12mai2026.txt,Quand Donald Trump a-t-il fermé l'agence d'aide au développement américaine ?,A,précis + adapté,True,-0.0,Donald Trump a fermé l'agence d'aide au développement américaine en juillet 2025.,False,
Qwen/Qwen3-4B,free,macron_africa_forward_lemonde_12mai2026.txt,De quel pourcentage la France a-t-elle réduit son budget d'aide au développement entre 2024 et 2025 ?,A,précis + adapté,True,-0.0002,La France a réduit son budget d'aide au développement de 10 % entre 2024 et 2025.,False,
Qwen/Qwen3-4B,free,macron_africa_forward_lemonde_12mai2026.txt,Combien de morts la répression des manifestations au Kenya a-t-elle causées ?,A,précis + adapté,True,-0.0165,La répression des manifestations au Kenya a causé plus de 150 morts.,False,
Qwen/Qwen3-4B,free,macron_africa_forward_lemonde_12mai2026.txt,Combien de pays africains ont officiellement signé des accords de défense avec la France lors de ce sommet ?,A,précis + adapté,False,-0.0989,"Selon l'article, il n'est pas indiqué le nombre exact de pays africains qui ont officiellement signé des accords de défense avec la France lors du sommet. Cependant, il est mentionné que des investissements importants ont été annoncés, notamment un « accord de partenariat stratégique » signé par le patron de l'armateur CMA CGM Rodolphe Saadé, mais cela ne correspond pas à un accord de défense. Aucune information spécifique sur des accords de défense n'est fournie dans le texte.",False,
Qwen/Qwen3-4B,free,macron_africa_forward_lemonde_12mai2026.txt,Quel nouveau modèle de partenariat Macron et Ruto ont-ils promu lors du sommet ?,C,large + adapté,True,-0.0715,"Macron et Ruto ont promu un nouveau modèle de partenariat entre la France et l'Afrique, qui s'appuie non plus sur des aides, mais sur des « investissements ». Ce partenariat vise à renforcer la coopération économique et à faire face aux « prédateurs » qui pillent les minerais critiques.",False,
Qwen/Qwen3-4B,free,macron_africa_forward_lemonde_12mai2026.txt,Quelles difficultés la France a-t-elle rencontrées en Afrique ces dix dernières années ?,C,large + adapté,True,-0.0713,"Selon l'article, la France a rencontré plusieurs difficultés en Afrique ces dix dernières années, notamment :

1. **Perte d'influence** : Les concurrents de la France, en particulier la Chine, ont pris des parts de marché, ce qui a mené à une diminution de l'influence hexagonale sur le continent.

2. **Manifestations anti-françaises** : Dans les pays francophones, des manifestations anti-françaises ont émergé, souvent portées par la propagande russe. Le pire s'est produit au Sahel, avec des juntas au Mali, au Burkina Faso et au Niger qui ont demandé aux soldats français de partir et rompu leur alliance avec Paris.

3. **Critiques et polémiques** : Les sommets Afrique-France ont été marqués par des polémiques, comme la phrase sur le président burkinabé en 2017 et la nouvelle formule de sommet en 2021, où les chefs d'Etat africains ont été exclus.

4. **Réduction des investissements** : La France a vu son budget d'aide au développement",False,
Qwen/Qwen3-4B,free,macron_africa_forward_lemonde_12mai2026.txt,Pourquoi ce sommet a-t-il des « airs de testament » pour Macron ?,C,large + adapté,True,-0.1547,"Ce sommet a des « airs de testament » pour Emmanuel Macron car il marque la fin de son mandat présidentiel, qui se termine dans moins d'un an. En quittant l'Elysée, Macron souhaite faire un bilan de sa politique en Afrique et montrer que la France reste une puissance influente sur le continent, malgré la concurrence de pays comme la Chine et les tensions dans les pays francophones. Le sommet à Nairobi, en terre anglophone, est donc une opportunité pour renforcer les relations avec des pays où la France souhaite diversifier ses partenariats, en particulier avec les pays anglophones, et pour souligner que la France ne perd pas son influence, contrairement à ce que certains pensent.",False,
Qwen/Qwen3-4B,free,macron_africa_forward_lemonde_12mai2026.txt,Quelle est la position de Macron sur la représentation de l'Afrique au Conseil de sécurité de l'ONU ?,C,large + adapté,True,-0.0678,Emmanuel Macron a affirmé que la France poursuivrait ses efforts pour que l'Afrique obtienne deux sièges au Conseil de sécurité des Nations unies. Il a souligné l'importance de cette reconnaissance pour la légitimité et la crédibilité du système multilatéral.,False,
Qwen/Qwen3-4B,free,macron_africa_forward_lemonde_12mai2026.txt,Quel est le chiffre d'affaires de CMA CGM en 2025 ?,B,précis + non-adapté,False,-0.032,"Le texte fourni ne mentionne pas le chiffre d'affaires de CMA CGM en 2025. Il indique seulement que Rodolphe Saadé, patron de l'armateur CMA CGM, a signé un « accord de partenariat stratégique » pour développer des infrastructures logistiques et de transport d'une valeur de 700 millions d'euros. Il n'y a donc pas d'information sur le chiffre d'affaires de CMA CGM en 2025.",False,
Qwen/Qwen3-4B,free,macron_africa_forward_lemonde_12mai2026.txt,Quel est le PIB du Kenya en 2026 ?,B,précis + non-adapté,False,-0.0834,Le texte fourni ne mentionne pas le PIB du Kenya en 2026. Il s'agit d'une information externe non incluse dans le contexte donné.,False,
Qwen/Qwen3-4B,free,macron_africa_forward_lemonde_12mai2026.txt,Combien de raffineries Aliko Dangote possède-t-il au total en Afrique ?,B,précis + non-adapté,False,-0.0611,"L'article mentionne que Aliko Dangote a passé par Nairobi pour négocier l'installation d'une importante raffinerie au Kenya. Cependant, il n'est pas indiqué dans le texte combien de raffineries Aliko Dangote possède-t-il au total en Afrique. Ainsi, il est impossible de répondre à cette question en se basant uniquement sur le contexte fourni.",False,
Qwen/Qwen3-4B,free,macron_africa_forward_lemonde_12mai2026.txt,Quelle est la situation politique générale en Afrique de l'Ouest depuis 2020 ?,D,large + non-adapté,False,-0.1451,"Depuis 2020, l'Afrique de l'Ouest a connu une situation politique marquée par des tensions et des changements majeurs, notamment dans les pays francophones. Entre 2020 et 2023, plusieurs pays ont connu des coups de state ou des journées de protestation majeures, entraînant la chute de gouvernements et l'arrivée de juntas militaires. Ces événements ont eu un impact significatif sur les relations entre ces pays et la France, qui a vu ses alliances et son influence diminuer. Par exemple, au Mali, au Burkina Faso et au Niger, les juntes militaires ont exigé le départ des soldats français et ont rompu leurs alliances avec Paris. De plus, la propagande russe a joué un rôle dans la diffusion de manifestations anti-françaises dans ces pays. Cependant, le sommet Africa Forward de 2026 a montré que la France tente de rétablir un lien avec ces pays, en proposant un partenariat basé sur les investissements plutôt que sur l'aide.",False,
Qwen/Qwen3-4B,free,macron_africa_forward_lemonde_12mai2026.txt,Comment fonctionne le mécanisme d'aide au développement internationale en général ?,D,large + non-adapté,False,-0.1475,"Le mécanisme d'aide au développement internationale est un système de financement et de coopération entre les pays, visant à soutenir le développement économique, social et politique des pays en développement. Il se déroule généralement à travers des organismes internationaux, des gouvernements et des institutions multilatérales. Voici les principaux éléments qui définissent ce mécanisme :

1. **Financement** : Les aides sont généralement financées par des gouvernements, des institutions internationales (comme la Banque mondiale, le Fonds monétaire international, l'Union européenne, etc.), ou des organisations non gouvernementales. Le montant varie selon les besoins des pays et les priorités des donateurs.

2. **Objectifs** : Les aides visent à réduire la pauvreté, améliorer l'accès à l'éducation et à la santé, promouvoir la paix et la stabilité, et favoriser le développement économique durable. Elles peuvent également soutenir des projets spécifiques comme l'infrastructure, l'agriculture, ou l'énergie.

3. **Formes d",False,
Qwen/Qwen3-4B,free,macron_africa_forward_lemonde_12mai2026.txt,Quelles sont les causes profondes de l'influence croissante de la Chine en Afrique ?,D,large + non-adapté,False,-0.1341,"Selon le contexte fourni, les causes profondes de l'influence croissante de la Chine en Afrique ne sont pas explicitement mentionnées. Cependant, on peut inférer que la Chine a su se positionner comme un partenaire économique important en offrant des investissements et des projets d'infrastructure, ce qui a permis à la Chine de renforcer ses liens avec plusieurs pays africains. En outre, la Chine a su s'adapter aux besoins des pays africains en matière de développement, en proposant des solutions économiques et techniques qui répondent à leurs besoins spécifiques, ce qui a contribué à son influence croissante sur le continent.",False,
Qwen/Qwen3-4B,free,macron_africa_forward_lemonde_12mai2026.txt,Quels sont les grands enjeux géopolitiques de la présence militaire française en Afrique subsaharienne ?,D,large + non-adapté,False,-0.1191,"Le texte fourni ne mentionne pas explicitement les grands enjeux géopolitiques de la présence militaire française en Afrique subsaharienne. Cependant, il évoque quelques éléments qui peuvent être associés à ces enjeux :

1. **Alliance et sécurité régionale** : Le président Emmanuel Macron a souligné l'importance d'un partenariat renouvelé entre la France et les pays africains, notamment pour faire face aux « prédateurs » qui pillent les minerais critiques. Cela suggère que la présence militaire française est liée à la sécurité et à la protection des ressources stratégiques en Afrique.

2. **Concurrence internationale** : La France fait face à la concurrence de la Chine et d'autres pays, qui ont pris des parts de marché dans les relations avec l'Afrique. La présence militaire pourrait être un moyen de renforcer l'influence de la France sur le continent.

3. **Diversification des partenariats** : Macron a vanté la diversification de ses partenariats, en particulier avec les pays anglophones. Cela indique que la France cherche à élargir son influence",False,
